deg,mos_pred,noi_pred,dis_pred,col_pred,loud_pred,model
B00_VCC2TF1_VCC2SF1_30004_HUB.wav,2.3680074,3.6131384,2.1282508,2.8835416,3.8291647,NISQAv2
B00_VCC2TF1_VCC2SF1_30005_HUB.wav,3.152067,4.0934424,3.1315663,3.6805265,4.0118675,NISQAv2
B00_VCC2TF1_VCC2SF1_30007_HUB.wav,3.7872481,4.2159934,3.9668562,3.8638246,4.213424,NISQAv2
B00_VCC2TF1_VCC2SF1_30006_HUB.wav,2.5843222,4.0959344,2.435285,3.3577437,3.9760787,NISQAv2
B00_VCC2TF1_VCC2SF1_30003_HUB.wav,3.1752646,3.5628822,2.7291572,2.978474,3.6875703,NISQAv2
B00_VCC2TF1_VCC2SF1_30002_HUB.wav,4.261484,3.8753884,4.0673995,3.8380246,4.2222595,NISQAv2
B00_VCC2TF1_VCC2SF1_30008_HUB.wav,1.7739325,3.2570732,1.4952037,2.4377005,3.32875,NISQAv2
B00_VCC2TF1_VCC2SF1_30001_HUB.wav,4.5635643,4.548536,4.4521236,4.3792357,4.4047832,NISQAv2
